Workbook

Sheet 使用說明
A1: 稽核建議辦理情形追蹤總表 － 使用說明
B3: 檔案結構
B5: 1. 總表_單位承辦人：稽核單位與承辦人的對照總表（含每位承辦人的專屬編輯密碼），此表已隱藏，僅稽核室以「活頁簿結構」密碼開啟後可見。
B6: 2. 稽核追蹤表：實際填寫「被稽核單位、稽核期間、項目、稽核建議、辦理情形」的總表，供多人同時在同一份檔案上協作。
B7: 權限設計（各人可修改的地方如何被控制）
B9: • 稽核追蹤表全表預設鎖定，一般使用者僅能檢視，無法編輯任何欄位。
B10: • 每個稽核單位的「辦理情形」欄位另外設定了『允許使用者編輯範圍』，範圍僅涵蓋該單位自己的資料列。
B11: • 該單位的承辦人於點選自己負責的儲存格時，Excel 會跳出密碼輸入視窗，輸入『總表_單位承辦人』中對應的專屬密碼後，即可只編輯自己單位那幾列的辦理情形，其餘單位與其他欄位仍為唯讀。
B12: • 新增／修改稽核單位、期間、項目、稽核建議等內容，或新增承辦人密碼，須由稽核室以整表保護密碼解除保護後才能異動，一般承辦人無法更動。
B13: 承辦人操作步驟
B15: 1. 開啟檔案 →〔校閱〕→〔允許編輯範圍〕（Allow Users to Edit Ranges）。
B16: 2. 在清單中點選自己單位的範圍名稱 →〔編輯〕或直接在「稽核追蹤表」點選自己單位列的辦理情形欄。
B17: 3. 輸入自己的專屬密碼（由稽核室另行提供，不在本檔案內公開）。
... B28: • 每個單位在稽核追蹤表已預留數列空白，供後續新增稽核項目；若列數不足，請延伸「允許編輯範圍」的儲存格範圍。
A30: ⚠ 範本內之單位名稱、承辦人與密碼皆為示範用途，正式使用前請於「總表_單位承辦人」全部替換為實際資料，並將個別密碼另行私下通知對應承辦人，切勿公開張貼。

Sheet 總表_單位承辦人
A1: 稽核單位 | B1: 承辦人姓名 | C1: 承辦人Email | D1: 編輯密碼（僅提供給對應承辦人，請勿外流）
A2: 示範分公司A | B2: 王小明 | C2: wang.demo@example.com | D2: AuditA-2026!
A3: 示範分公司B | B3: 陳小華 | C3: chen.demo@example.com | D3: AuditB-2026!
A4: 示範分公司C | B4: 林小芳 | C4: lin.demo@example.com | D4: AuditC-2026!
A5: 示範分公司D | B5: 張小強 | C5: chang.demo@example.com | D5: AuditD-2026!
A6: 示範分公司E | B6: 李小美 | C6: li.demo@example.com | D6: AuditE-2026!

Sheet 稽核追蹤表
A1: 稽核建議辦理情形追蹤總表
A2: 灰底＝唯讀（僅稽核室可編輯） ｜ 黃底＝辦理情形填寫區（各單位承辦人以專屬密碼解鎖後僅能編輯自己單位列）
A3: 編號 | B3: 被稽核單位 | C3: 稽核期間 | D3: 項目 | E3: 稽核建議 | F3: 辦理情形 | G3: 承辦人（自動帶入）
A4: 1 | B4: 示範分公司A | C4: 2026年度 | D4: 帳款覆核 | E4: 抽核發現部分傳票缺少主管覆核簽章。 | F4: 已完成補簽並加強內控說明會，2026/07/15 結案。 | G4: =IFERROR(INDEX(總表_單位承辦人!$B$2:$B$100,MATCH(B4,總表_單位承辦人!$A$2:$A$100,0)),"")
A5: 2 | B5: 示範分公司A | C5: 2026年度 | D5: 現金盤點 | E5: 庫存現金與帳列金額有差異，需釐清原因。 | F5: 辦理中，預計 2026/08/20 前提出差異分析報告。 | G5: =IFERROR(INDEX(總表_單位承辦人!$B$2:$B$100,MATCH(B5,總表_單位承辦人!$A$2:$A$100,0)),"")
A6: 3 | B6: 示範分公司A | G6: =IFERROR(INDEX(總表_單位承辦人!$B$2:$B$100,MATCH(B6,總表_單位承辦人!$A$2:$A$100,0)),"")
A7: 4 | B7: 示範分公司A | G7: =IFERROR(INDEX(總表_單位承辦人!$B$2:$B$100,MATCH(B7,總表_單位承辦人!$A$2:$A$100,0)),"")
A8: 5 | B8: 示範分公司A | G8: =IFERROR(INDEX(總表_單位承辦人!$B$2:$B$100,MATCH(B8,總表_單位承辦人!$A$2:$A$100,0)),"")
A9: 6 | B9: 示範分公司A | G9: =IFERROR(INDEX(總表_單位承辦人!$B$2:$B$100,MATCH(B9,總表_單位承辦人!$A$2:$A$100,0)),"")
A10: 7 | B10: 示範分公司B | C10: 2026年度 | D10: 應收帳款覆核 | E10: 逾期未收款項未依規定辦理催收紀錄。 | F10: 已建立催收追蹤表，每月覆核一次。 | G10: =IFERROR(INDEX(總表_單位承辦人!$B$2:$B$100,MATCH(B10,總表_單位承辦人!$A$2:$A$100,0)),"")
A11: 8 | B11: 示範分公司B | G11: =IFERROR(INDEX(總表_單位承辦人!$B$2:$B$100,MATCH(B11,總表_單位承辦人!$A$2:$A$100,0)),"")
A12: 9 | B12: 示範分公司B | G12: =IFERROR(INDEX(總表_單位承辦人!$B$2:$B$100,MATCH(B12,總表_單位承辦人!$A$2:$A$100,0)),"")
A13: 10 | B13: 示範分公司B | G13: =IFERROR(INDEX(總表_單位承辦人!$B$2:$B$100,MATCH(B13,總表_單位承辦人!$A$2:$A$100,0)),"")
A14: 11 | B14: 示範分公司B | G14: =IFERROR(INDEX(總表_單位承辦人!$B$2:$B$100,MATCH(B14,總表_單位承辦人!$A$2:$A$100,0)),"")
A15: 12 | B15: 示範分公司B | G15: =IFERROR(INDEX(總表_單位承辦人!$B$2:$B$100,MATCH(B15,總表_單位承辦人!$A$2:$A$100,0)),"")
A16: 13 | B16: 示範分公司C | C16: 2026年度 | D16: 採購作業 | E16: 部分採購案未依權限表核准即執行。 | F16: 尚未辦理，將於下次內控會議提報改善計畫。 | G16: =IFERROR(INDEX(總表_單位承辦人!$B$2:$B$100,MATCH(B16,總表_單位承辦人!$A$2:$A$100,0)),"")
A17: 14 | B17: 示範分公司C | G17: =IFERROR(INDEX(總表_單位承辦人!$B$2:$B$100,MATCH(B17,總表_單位承辦人!$A$2:$A$100,0)),"")
A18: 15 | B18: 示範分公司C | G18: =IFERROR(INDEX(總表_單位承辦人!$B$2:$B$100,MATCH(B18,總表_單位承辦人!$A$2:$A$100,0)),"")
A19: 16 | B19: 示範分公司C | G19: =IFERROR(INDEX(總表_單位承辦人!$B$2:$B$100,MATCH(B19,總表_單位承辦人!$A$2:$A$100,0)),"")
A20: 17 | B20: 示範分公司C | G20: =IFERROR(INDEX(總表_單位承辦人!$B$2:$B$100,MATCH(B20,總表_單位承辦人!$A$2:$A$100,0)),"")
A21: 18 | B21: 示範分公司C | G21: =IFERROR(INDEX(總表_單位承辦人!$B$2:$B$100,MATCH(B21,總表_單位承辦人!$A$2:$A$100,0)),"")
A22: 19 | B22: 示範分公司D | G22: =IFERROR(INDEX(總表_單位承辦人!$B$2:$B$100,MATCH(B22,總表_單位承辦人!$A$2:$A$100,0)),"")
A23: 20 | B23: 示範分公司D | G23: =IFERROR(INDEX(總表_單位承辦人!$B$2:$B$100,MATCH(B23,總表_單位承辦人!$A$2:$A$100,0)),"")
A24: 21 | B24: 示範分公司D | G24: =IFERROR(INDEX(總表_單位承辦人!$B$2:$B$100,MATCH(B24,總表_單位承辦人!$A$2:$A$100,0)),"")
A25: 22 | B25: 示範分公司D | G25: =IFERROR(INDEX(總表_單位承辦人!$B$2:$B$100,MATCH(B25,總表_單位承辦人!$A$2:$A$100,0)),"")
A26: 23 | B26: 示範分公司D | G26: =IFERROR(INDEX(總表_單位承辦人!$B$2:$B$100,MATCH(B26,總表_單位承辦人!$A$2:$A$100,0)),"")
A27: 24 | B27: 示範分公司D | G27: =IFERROR(INDEX(總表_單位承辦人!$B$2:$B$100,MATCH(B27,總表_單位承辦人!$A$2:$A$100,0)),"")
A28: 25 | B28: 示範分公司E | G28: =IFERROR(INDEX(總表_單位承辦人!$B$2:$B$100,MATCH(B28,總表_單位承辦人!$A$2:$A$100,0)),"")
... A33: 30 | B33: 示範分公司E | G33: =IFERROR(INDEX(總表_單位承辦人!$B$2:$B$100,MATCH(B33,總表_單位承辦人!$A$2:$A$100,0)),"")
